name,power,attack_type,type,accuracy,pp,ignoreEvasion,ignoreDef,ignoreWeather,ignoreType,ignoreImmunity,ignoreBarrier,ignoreAbility,ignoreInvulnerability,targetAtk,inverseDef,DefAsAtk,multiType,interchangeType,charging,crit,priority,recoil,deduct,crash,multi,flags,custom,effect_type,special_effect,effect_accuracy,power_when,weather_when,fails_unless,remarks
Switching,0,Status,Normal,9,100,,,,,,,,,,,,,,,0,0,0,0,0,"0,1",b,,no_effect,,1,,,,in code: not a move: the engine's name for swapping out (Scripts/Battle/battle_checklist.py:145)
Splash,0,Status,Normal,9,100,,,,,,,,,,,,,,,0,0,0,0,0,"0,1",b,,no_effect,,1,,,,
Baneful Bunker,0,Status,Poison,9,10,,,,,,,,,,,,,,,0,4,0,0,0,"0,1",b,,user_protection,,1,,,,
Destiny Bond,0,Status,Ghost,9,5,,,,,,,,,,,,,,,0,0,0,0,0,"0,1",b,,user_volatile,@DestinyBond,1,,,,in code: the AI weighs it specially (Scripts/Battle/ai.py:575)
King's Shield,0,Status,Normal,9,10,,,,,,,,,,,,,,,0,4,0,0,0,"0,1",b,,user_protection,,1,,,,in code: read by the Stance Change ability (Scripts/Data/abilities.py:127)
Perish Song,0,Status,Normal,9,5,,,,,,,,,,,,,,,0,0,0,0,0,"0,1",bf,,target_volatile|user_volatile,@PerishSong|@PerishSong,1,,,,
Accelerock,40,Physical,Rock,1,20,,,,,,,,,,,,,,,0,1,0,0,0,"0,1",a,,no_effect,,1,,,,
Acid Spray,40,Special,Poison,1,20,,,,,,,,,,,,,,,0,0,0,0,0,"0,1",i,,opponent_modifier,"0,0,0,0,-2,0,0,0,0",1,,,,
Metal Sound,0,Status,Steel,0.85,20,,,,,,,,,,,,,,,0,0,0,0,0,"0,1",f,,opponent_modifier,"0,0,0,0,-2,0,0,0,0",1,,,,
Screech,0,Status,Normal,0.85,40,,,,,,,,,,,,,,,0,0,0,0,0,"0,1",f,,opponent_modifier,"0,0,-2,0,0,0,0,0,0",1,,,,
Aerial Ace,60,Physical,Flying,9,20,,,,,,,,,,,,,,,0,0,0,0,0,"0,1",a,,no_effect,,1,,,,
Smart Strike,70,Physical,Steel,9,10,,,,,,,,,,,,,,,0,0,0,0,0,"0,1",a,,no_effect,,1,,,,
Swift,60,Special,Normal,9,20,,,,,,,,,,,,,,,0,0,0,0,0,"0,1",,,no_effect,,1,,,,
Shadow Punch,60,Physical,Ghost,9,20,,,,,,,,,,,,,,,0,0,0,0,0,"0,1",ae,,no_effect,,1,,,,
Spectral Thief,90,Physical,Ghost,1,10,,,,,,,,,,,,,,,0,0,0,0,0,"0,1",a,,no_effect,,1,,,,in code: steals the target's positive boosts (Scripts/Battle/battle_move_execution.py:175)
Agility,0,Status,Psychic,9,30,,,,,,,,,,,,,,,0,0,0,0,0,"0,1",b,,self_modifier,"0,0,0,0,0,2,0,0,0",1,,,,
Rock Polish,0,Status,Rock,9,30,,,,,,,,,,,,,,,0,0,0,0,0,"0,1",b,,self_modifier,"0,0,0,0,0,2,0,0,0",1,,,,
Air Slash,75,Special,Flying,0.95,15,,,,,,,,,,,,,,,0,0,0,0,0,"0,1",,,target_volatile,@Flinch,0.3,,,,
Amnesia,0,Status,Psychic,9,20,,,,,,,,,,,,,,,0,0,0,0,0,"0,1",b,,self_modifier,"0,0,0,0,2,0,0,0,0",1,,,,
Anchor Shot,80,Physical,Steel,1,20,,,,,,,,,,,,,,,0,0,0,0,0,"0,1",a,,target_volatile,@Trapped,1,,,,
Spirit Shackle,80,Physical,Ghost,1,10,,,,,,,,,,,,,,,0,0,0,0,0,"0,1",,,target_volatile,@Trapped,1,,,,
Ancient Power,60,Special,Rock,1,15,,,,,,,,,,,,,,,0,0,0,0,0,"0,1",,,self_modifier,"0,1,1,1,1,1,0,0,0",0.1,,,,
Silver Wind,60,Special,Bug,1,15,,,,,,,,,,,,,,,0,0,0,0,0,"0,1",,,self_modifier,"0,1,1,1,1,1,0,0,0",0.1,,,,
Aqua Jet,40,Physical,Water,1,20,,,,,,,,,,,,,,,0,1,0,0,0,"0,1",a,,no_effect,,1,,,,
Aqua Tail,90,Physical,Water,0.9,10,,,,,,,,,,,,,,,0,0,0,0,0,"0,1",a,,no_effect,,1,,,,
Aura Sphere,80,Special,Fighting,9,20,,,,,,,,,,,,,,,0,0,0,0,0,"0,1",hi,,no_effect,,1,,,,
Aurora Veil,0,Status,Ice,9,20,,,,,,,,,,,,,,,0,0,0,0,0,"0,1",b,,self_team_buff,Aurora Veil,1,,,,
Avalanche,60,Physical,Ice,1,20,,,,,,,,,,,,,,,0,-4,0,0,0,"0,1",a,,after_hand,,1,,,,
Baton Pass,0,Status,Normal,1,20,,,,,,,,,,,,,,,0,0,0,0,0,"0,1",,,switching,,1,,,,in code: hands its stat changes to the Pokemon coming in (Scripts/Battle/ai.py:652)
Belly Drum,0,Status,Normal,9,10,,,,,,,,,,,,,,,0,0,0,0.5,0,"0,1",b,,self_modifier,"0,6,0,0,0,0,0,0,0",1,,,can_pay_hp_and_still_boost,
Bite,60,Physical,Dark,1,25,,,,,,,,,,,,,,,0,0,0,0,0,"0,1",ad,,target_volatile,@Flinch,0.3,,,,
Blaze Kick,85,Physical,Fire,0.9,10,,,,,,,,,,,,,,,1,0,0,0,0,"0,1",a,,target_non_volatile,@Burn,0.1,,,,
Pyro Ball,120,Physical,Fire,0.9,5,,,,,,,,,,,,,,,0,0,0,0,0,"0,1",ci,,target_non_volatile,@Burn,0.1,,,,
Blizzard,110,Special,Ice,0.7,5,,,,,,,,,,,,,,,0,0,0,0,0,"0,1",,,target_non_volatile,@Freeze,0.1,,Hail:always_hits,,
Body Slam,80,Physical,Normal,1,20,,,,,,,,,,,,,,,0,0,0,0,0,"0,1",a,,target_non_volatile,@Paralysis,0.3,,,,
Icicle Crash,85,Physical,Ice,0.9,10,,,,,,,,,,,,,,,0,0,0,0,0,"0,1",a,,target_volatile,@Flinch,0.3,,,,
Bone Rush,25,Physical,Ground,0.9,10,,,,,,,,,,,,,,,0,0,0,0,0,"1,5",,,no_effect,,1,,,,
Boomburst,140,Special,Normal,1,10,,,,,,,,,,,,,,,0,0,0,0,0,"0,1",f,,no_effect,,1,,,,
Relic Song,75,Special,Normal,1,10,,,,,,,,,,,,,,,0,0,0,0,0,"0,1",f,,target_non_volatile,@Sleep,0.1,,,,
Brave Bird,120,Physical,Flying,1,15,,,,,,,,,,,,,,,0,0,0.333333333,0,0,"0,1",a,,no_effect,,1,,,,
Brick Break,75,Physical,Fighting,1,15,,,,,,,,,,,,,,,0,0,0,0,0,"0,1",a,,remove_team_buff,,1,,,,
Bug Buzz,90,Special,Bug,1,10,,,,,,,,,,,,,,,0,0,0,0,0,"0,1",f,,opponent_modifier,"0,0,0,-1,0,0,0,0,0",0.1,,,,
Clanging Scales,110,Special,Dragon,1,5,,,,,,,,,,,,,,,0,0,0,0,0,"0,1",f,,self_modifier,"0,0,-1,0,0,0,0,0,0",1,,,,
Mystical Fire,75,Special,Fire,1,10,,,,,,,,,,,,,,,0,0,0,0,0,"0,1",,,opponent_modifier,"0,0,0,-1,0,0,0,0,0",1,,,,
Shadow Bone,85,Physical,Ghost,1,10,,,,,,,,,,,,,,,0,0,0,0,0,"0,1",,,opponent_modifier,"0,0,-1,0,0,0,0,0,0",0.2,,,,
Bulk Up,0,Status,Fighting,9,30,,,,,,,,,,,,,,,0,0,0,0,0,"0,1",b,,self_modifier,"0,1,1,0,0,0,0,0,0",1,,,,
Bulldoze,60,Physical,Ground,1,20,,,,,,,,,,,,,,,0,0,0,0,0,"0,1",,,opponent_modifier,"0,0,0,0,0,-1,0,0,0",1,,,,
Icy Wind,55,Special,Ice,0.95,15,,,,,,,,,,,,,,,0,0,0,0,0,"0,1",,,opponent_modifier,"0,0,0,0,0,-1,0,0,0",1,,,,
Rock Tomb,60,Physical,Rock,0.95,15,,,,,,,,,,,,,,,0,0,0,0,0,"0,1",,,opponent_modifier,"0,0,0,0,0,-1,0,0,0",1,,,,
Bullet Punch,40,Physical,Steel,1,30,,,,,,,,,,,,,,,0,1,0,0,0,"0,1",ae,,no_effect,,1,,,,
Mach Punch,40,Physical,Fighting,1,30,,,,,,,,,,,,,,,0,1,0,0,0,"0,1",ae,,no_effect,,1,,,,
Bullet Seed,25,Physical,Grass,1,30,,,,,,,,,,,,,,,0,0,0,0,0,"1,5",i,,no_effect,,1,,,,
Calm Mind,0,Status,Psychic,9,20,,,,,,,,,,,,,,,0,0,0,0,0,"0,1",b,,self_modifier,"0,0,0,1,1,0,0,0,0",1,,,,
Charge Beam,50,Special,Electric,0.9,10,,,,,,,,,,,,,,,0,0,0,0,0,"0,1",,,self_modifier,"0,0,0,1,0,0,0,0,0",0.7,,,,
Charm,0,Status,Fairy,1,20,,,,,,,,,,,,,,,0,0,0,0,0,"0,1",,,opponent_modifier,"0,-2,0,0,0,0,0,0,0",1,,,,
Close Combat,120,Physical,Fighting,1,5,,,,,,,,,,,,,,,0,0,0,0,0,"0,1",a,,self_modifier,"0,0,-1,0,-1,0,0,0,0",1,,,,
Coil,0,Status,Poison,9,20,,,,,,,,,,,,,,,0,0,0,0,0,"0,1",b,,self_modifier,"0,1,1,0,0,0,0,1,0",1,,,,
Cold Touch,30,Physical,Ice,1,20,,,,,,,,,,,,,,,0,1,0,0,0,"0,1",,Y,target_volatile,@Flinch,0.3,,,,
Confuse Ray,0,Status,Ghost,1,10,,,,,,,,,,,,,,,0,0,0,0,0,"0,1",,,target_volatile,@Confused,1,,,,
Sweet Kiss,0,Status,Fairy,0.75,10,,,,,,,,,,,,,,,0,0,0,0,0,"0,1",,,target_volatile,@Confused,1,,,,
Cotton Spore,0,Status,Grass,1,40,,,,,,,,,,,,,,,0,0,0,0,0,"0,1",g,,opponent_modifier,"0,0,0,0,0,-2,0,0,0",1,,,,
Counter,0,Status,Fighting,1,20,,,,,,,,,,,,,,,0,-5,0,0,0,"0,1",,,countering,,1,,,,in code: reads the target's last move (Scripts/Battle/move_additional_effect.py:381)
Crabhammer,100,Physical,Water,0.9,10,,,,,,,,,,,,,,,1,0,0,0,0,"0,1",a,,no_effect,,1,,,,
Cross Chop,100,Physical,Fighting,0.8,5,,,,,,,,,,,,,,,1,0,0,0,0,"0,1",a,,no_effect,,1,,,,
Cross Poison,70,Physical,Poison,1,15,,,,,,,,,,,,,,,1,0,0,0,0,"0,1",a,,target_non_volatile,@Poison,0.1,,,,
Crunch,80,Physical,Dark,1,15,,,,,,,,,,,,,,,0,0,0,0,0,"0,1",ad,,opponent_modifier,"0,0,0,0,-1,0,0,0,0",0.2,,,,
Curse,0,Status,Ghost,9,20,,,,,,,,,,,,,,,0,0,0,0,0,"0,1",b,,cursing,"0,1,1,0,0,-1,0,0,0",1,,,,
Dark Pulse,80,Special,Dark,1,15,,,,,,,,,,,,,,,0,0,0,0,0,"0,1",h,,target_volatile,@Flinch,0.2,,,,
Darkest Lariat,85,Physical,Dark,1,10,Y,Y,,,,,,,,,,,,,0,0,0,0,0,"0,1",a,,no_effect,,1,,,,
Dazzling Gleam,80,Special,Fairy,1,10,,,,,,,,,,,,,,,0,0,0,0,0,"0,1",,,no_effect,,1,,,,
Defog,0,Status,Flying,9,15,,,,,,,,,,,,,,,0,0,0,0,0,"0,1",b,,opponent_modifier|clear_entry_hazard,"0,0,0,0,0,0,-1,0,0|~",1,,,,in code: clears hazards and screens on both sides (Scripts/Battle/move_additional_effect.py:261)
Disable,0,Status,Normal,1,20,,,,,,,,,,,,,,,0,0,0,0,0,"0,1",,,target_disable,Disable,1,,,,
Discharge,80,Special,Electric,1,15,,,,,,,,,,,,,,,0,0,0,0,0,"0,1",,,target_non_volatile,@Paralysis,0.3,,,,
Double Hit,35,Physical,Normal,0.9,10,,,,,,,,,,,,,,,0,0,0,0,0,"0,2",a,,no_effect,,1,,,,
Dual Wingbeat,40,Physical,Flying,0.9,10,,,,,,,,,,,,,,,0,0,0,0,0,"0,2",a,,no_effect,,1,,,,
Bonemerang,50,Physical,Ground,0.9,10,,,,,,,,,,,,,,,0,0,0,0,0,"0,2",,,no_effect,,1,,,,
Double Kick,30,Physical,Fighting,1,30,,,,,,,,,,,,,,,0,0,0,0,0,"0,2",a,,no_effect,,1,,,,
Double-Edge,120,Physical,Normal,1,15,,,,,,,,,,,,,,,0,0,0.333333333,0,0,"0,1",a,,no_effect,,1,,,,
Draco Meteor,130,Special,Dragon,0.9,5,,,,,,,,,,,,,,,0,0,0,0,0,"0,1",,,self_modifier,"0,0,0,-2,0,0,0,0,0",1,,,,
Overheat,130,Special,Fire,0.9,5,,,,,,,,,,,,,,,0,0,0,0,0,"0,1",,,self_modifier,"0,0,0,-2,0,0,0,0,0",1,,,,
Dragon Claw,80,Physical,Dragon,1,15,,,,,,,,,,,,,,,0,0,0,0,0,"0,1",a,,no_effect,,1,,,,
Bug Bite,60,Physical,Bug,1,15,,,,,,,,,,,,,,,0,0,0,0,0,"0,1",a,,no_effect,,1,,,,
Mega Kick,120,Physical,Normal,0.75,5,,,,,,,,,,,,,,,0,0,0,0,0,"0,1",a,,no_effect,,1,,,,
Dragon Pulse,85,Special,Dragon,1,10,,,,,,,,,,,,,,,0,0,0,0,0,"0,1",h,,no_effect,,1,,,,
Dragon Dance,0,Status,Dragon,9,20,,,,,,,,,,,,,,,0,0,0,0,0,"0,1",b,,self_modifier,"0,1,0,0,0,1,0,0,0",1,,,,
Breaking Swipe,60,Physical,Dragon,1,15,,,,,,,,,,,,,,,0,0,0,0,0,"0,1",a,,opponent_modifier,"0,-1,0,0,0,0,0,0,0",1,,,,
Trop Kick,70,Physical,Grass,1,15,,,,,,,,,,,,,,,0,0,0,0,0,"0,1",a,,opponent_modifier,"0,-1,0,0,0,0,0,0,0",1,,,,
Dragon Darts,50,Physical,Dragon,1,10,,,,,,,,,,,,,,,0,0,0,0,0,"0,2",,,no_effect,,1,,,,
Dragon Hammer,90,Physical,Dragon,1,15,,,,,,,,,,,,,,,0,0,0,0,0,"0,1",a,,no_effect,,1,,,,
Dragon Rush,100,Physical,Dragon,0.75,10,,,,,,,,,,,,,,,0,0,0,0,0,"0,1",a,,target_volatile,@Flinch,0.2,,,,
Drain Punch,75,Physical,Fighting,1,10,,,,,,,,,,,,,,,0,0,0,0,0,"0,1",a,,hp_draining,0.5,1,,,,
Draining Kiss,50,Special,Fairy,1,10,,,,,,,,,,,,,,,0,0,0,0,0,"0,1",a,,hp_draining,0.75,1,,,,
Drill Run,80,Physical,Ground,0.95,20,,,,,,,,,,,,,,,1,0,0,0,0,"0,1",a,,no_effect,,1,,,,
Dual Chop,40,Physical,Dragon,0.9,15,,,,,,,,,,,,,,,0,0,0,0,0,"0,2",a,,no_effect,,1,,,,
Earth Power,90,Special,Ground,1,10,,,,,,,,,,,,,,,0,0,0,0,0,"0,1",,,opponent_modifier,"0,0,0,0,-1,0,0,0,0",0.1,,,,
Scorching Sands,70,Special,Ground,1,10,,,,,,,,,,,,,,,0,0,0,0,0,"0,1",c,,target_non_volatile,@Burn,0.3,,,,
Earthquake,100,Physical,Ground,1,10,,,,,,,,,,,,,,,0,0,0,0,0,"0,1",,,no_effect,,1,,,,in code: could be data: double power on a target underground (Scripts/Battle/battle_move_execution.py:134)
Ground Slam,100,Physical,Ground,1,10,,,,,,,,,,,,,,,0,0,0,0,0,"0,1",,Y,target_volatile,@Confused,0.5,,,,
Electroweb,55,Special,Electric,0.95,15,,,,,,,,,,,,,,,0,0,0,0,0,"0,1",,,opponent_modifier,"0,0,0,0,0,-1,0,0,0",1,,,,
Electro Ball,40,Special,Electric,1,10,,,,,,,,,,,,,,,0,0,0,0,0,"0,1",i,,no_effect,,1,,,,in code: power from the speed ratio (Scripts/Battle/battle_move_execution.py:70)
Brine,65,Special,Water,1,10,,,,,,,,,,,,,,,0,0,0,0,0,"0,1",,,no_effect,,1,target_below_half,,,
Hex,65,Special,Ghost,1,10,,,,,,,,,,,,,,,0,0,0,0,0,"0,1",,,no_effect,,1,target_statused,,,
Acupressure,0,Status,Normal,9,30,,,,,,,,,,,,,,,0,0,0,0,0,"0,1",,,no_effect,,1,,,,in code: raises one random stat by two (Scripts/Battle/battle_move_execution.py:73)
Facade,70,Physical,Normal,1,20,,,,,,,,,,,,,,,0,0,0,0,0,"0,1",a,,no_effect,,1,user_statused,,,
Venoshock,65,Special,Poison,1,10,,,,,,,,,,,,,,,0,0,0,0,0,"0,1",,,no_effect,,1,target_poisoned,,,
Mud Shot,55,Special,Ground,0.95,15,,,,,,,,,,,,,,,0,0,0,0,0,"0,1",,,opponent_modifier,"0,0,0,0,0,-1,0,0,0",1,,,,
Mud-Slap,20,Special,Ground,1,10,,,,,,,,,,,,,,,0,0,0,0,0,"0,1",,,opponent_modifier,"0,0,0,0,0,0,0,-1,0",1,,,,
Encore,0,Status,Normal,1,5,,,,,,,,,,,,,,,0,0,0,0,0,"0,1",,,target_disable,Encore,1,,,,
Endeavor,0,Status,Normal,1,5,,,,,,,,,,,,,,,0,0,0,0,0,"0,1",a,,hp_split,Same,1,,,,
Energy Ball,90,Special,Grass,1,10,,,,,,,,,,,,,,,0,0,0,0,0,"0,1",i,,opponent_modifier,"0,0,0,0,-1,0,0,0,0",0.1,,,,
Explosion,250,Physical,Normal,1,5,,,,,,,,,,,,,,,0,0,0,1,0,"0,1",,,no_effect,,1,,,,
Extrasensory,80,Special,Psychic,1,20,,,,,,,,,,,,,,,0,0,0,0,0,"0,1",,,target_volatile,@Flinch,0.1,,,,
Extreme Speed,80,Physical,Normal,1,5,,,,,,,,,,,,,,,0,2,0,0,0,"0,1",a,,no_effect,,1,,,,
Fake Out,40,Physical,Normal,1,30,,,,,,,,,,,,,,,0,3,0,0,0,"0,1",ja,,target_volatile,@Flinch,1,,,,
Fake Tears,0,Status,Dark,1,20,,,,,,,,,,,,,,,0,0,0,0,0,"0,1",,,opponent_modifier,"0,0,0,0,-2,0,0,0,0",1,,,,
False Surrender,80,Physical,Dark,9,10,,,,,,,,,,,,,,,0,0,0,0,0,"0,1",a,,no_effect,,1,,,,
Fiery Dance,80,Special,Fire,1,10,,,,,,,,,,,,,,,0,0,0,0,0,"0,1",,,self_modifier,"0,0,0,1,0,0,0,0,0",0.5,,,,
Fire Punch,75,Physical,Fire,1,15,,,,,,,,,,,,,,,0,0,0,0,0,"0,1",ae,,target_non_volatile,@Burn,0.1,,,,
Fire Spin,35,Special,Fire,0.85,15,,,,,,,,,,,,,,,0,0,0,0,0,"0,1",,,target_volatile,@Binding,1,,,,
First Impression,90,Physical,Bug,1,10,,,,,,,,,,,,,,,0,2,0,0,0,"0,1",ja,,no_effect,,1,,,,
Flame Charge,50,Physical,Fire,1,25,,,,,,,,,,,,,,,0,0,0,0,0,"0,1",a,,self_modifier,"0,0,0,0,0,1,0,0,0",1,,,,
Flame Wheel,60,Physical,Fire,1,25,,,,,,,,,,,,,,,1,0,0,0,0,"0,1",ac,,target_non_volatile,@Burn,0.1,,,,
Flamethrower,90,Special,Fire,1,15,,,,,,,,,,,,,,,0,0,0,0,0,"0,1",,,target_non_volatile,@Burn,0.1,,,,
Fire Blast,110,Special,Fire,0.85,5,,,,,,,,,,,,,,,0,0,0,0,0,"0,1",,,target_non_volatile,@Burn,0.3,,,,
Flare Blitz,120,Physical,Fire,1,15,,,,,,,,,,,,,,,0,0,0.333333333,0,0,"0,1",ac,,target_non_volatile,@Burn,0.1,,,,
Flash Cannon,80,Special,Steel,1,10,,,,,,,,,,,,,,,0,0,0,0,0,"0,1",,,opponent_modifier,"0,0,0,0,-1,0,0,0,0",0.1,,,,
Fly,90,Physical,Flying,0.95,15,,,,,,,,,,,,,,Semi-invulnerable,0,0,0,0,0,"0,1",a,,no_effect,,1,,,,
Bounce,85,Physical,Flying,0.85,5,,,,,,,,,,,,,,Semi-invulnerable,0,0,0,0,0,"0,1",a,,no_effect,,1,,,,
Dig,80,Physical,Ground,1,10,,,,,,,,,,,,,,Semi-invulnerable,0,0,0,0,0,"0,1",a,,no_effect,,1,,,,
Flying Press,100,Physical,Fighting,0.95,10,,,,,,,,,,,,Flying,,,0,0,0,0,0,"0,1",a,,no_effect,,1,,,,
Depraved Shriek,100,Special,Dark,1,5,,,,,,,,,,,,Psychic,,,0,0,0,0,0,"0,1",f,Y,before_hand,,1,,,,
Focus Blast,120,Special,Fighting,0.7,5,,,,,,,,,,,,,,,0,0,0,0,0,"0,1",i,,opponent_modifier,"0,0,0,0,-1,0,0,0,0",0.1,,,,
Focus Energy,0,Status,Normal,9,20,,,,,,,,,,,,,,,0,0,0,0,0,"0,1",b,,self_modifier,"0,0,0,0,0,0,0,0,2",1,,,,
Force Palm,60,Physical,Fighting,1,10,,,,,,,,,,,,,,,0,0,0,0,0,"0,1",a,,target_non_volatile,@Paralysis,0.3,,,,
Foul Play,95,Physical,Dark,1,15,,,,,,,,,Y,,,,,,0,0,0,0,0,"0,1",a,,no_effect,,1,,,,
Freeze-Dry,70,Special,Ice,1,20,,,,Water,,,,,,,,,,,0,0,0,0,0,"0,1",,,target_non_volatile,@Freeze,0.1,,,,
Corrosive Water,80,Special,Water,0.9,10,,,,"Grass,Fairy",,,,,,,,,,,0,0,0,0,0,"0,1",,Y,target_non_volatile,@Poison,0.2,,,,
Giga Drain,75,Special,Grass,1,10,,,,,,,,,,,,,,,0,0,0,0,0,"0,1",,,hp_draining,0.5,1,,,,
Dream Eater,100,Special,Psychic,1,15,,,,,,,,,,,,,,,0,0,0,0,0,"0,1",,,hp_draining,0.5,1,,,target_asleep,in code: the AI weighs it specially (the rule itself is data) (Scripts/Battle/ai.py:560)
Glaciate,80,Special,Ice,0.95,10,,,,,,,,,,,,,,,0,0,0,0,0,"0,1",,,opponent_modifier,"0,0,0,0,0,-1,0,0,0",1,,,,
Glare,0,Status,Normal,1,30,,,,,,,,,,,,,,,0,0,0,0,0,"0,1",,,target_non_volatile,@Paralysis,1,,,,
Growl,0,Status,Normal,1,40,,,,,,,,,,,,,,,0,0,0,0,0,"0,1",f,,opponent_modifier,"0,-1,0,0,0,0,0,0,0",1,,,,
Baby-Doll Eyes,0,Status,Fairy,1,30,,,,,,,,,,,,,,,0,1,0,0,0,"0,1",,,opponent_modifier,"0,-1,0,0,0,0,0,0,0",1,,,,
Gunk Shot,120,Physical,Poison,0.8,5,,,,,,,,,,,,,,,0,0,0,0,0,"0,1",,,target_non_volatile,@Poison,0.3,,,,
Gust,40,Special,Flying,1,35,,,,,,,,,,,,,,,0,0,0,0,0,"0,1",,,no_effect,,1,,,,
Hail,0,Status,Ice,9,5,,,,,,,,,,,,,,,0,0,0,0,0,"0,1",b,,weather_effect,Hail,1,,,,
Hammer Arm,100,Physical,Fighting,0.9,15,,,,,,,,,,,,,,,0,0,0,0,0,"0,1",a,,self_modifier,"0,0,0,0,0,-1,0,0,0",1,,,,
Ice Hammer,100,Physical,Ice,0.9,10,,,,,,,,,,,,,,,0,0,0,0,0,"0,1",a,,self_modifier,"0,0,0,0,0,-1,0,0,0",1,,,,
Head Smash,150,Physical,Rock,0.8,5,,,,,,,,,,,,,,,0,0,0.5,0,0,"0,1",a,,no_effect,,1,,,,
Heat Wave,95,Special,Fire,0.95,10,,,,,,,,,,,,,,,0,0,0,0,0,"0,1",,,target_non_volatile,@Burn,0.1,,,,
High Horsepower,95,Physical,Ground,0.95,10,,,,,,,,,,,,,,,0,0,0,0,0,"0,1",a,,no_effect,,1,,,,
High Jump Kick,130,Physical,Fighting,0.9,10,,,,,,,,,,,,,,,0,0,0,0,0.5,"0,1",a,,no_effect,,1,,,,
Hone Claws,0,Status,Dark,9,15,,,,,,,,,,,,,,,0,0,0,0,0,"0,1",b,,self_modifier,"0,1,0,0,0,0,0,1,0",1,,,,
Hydro Pump,110,Special,Water,0.8,5,,,,,,,,,,,,,,,0,0,0,0,0,"0,1",,,no_effect,,1,,,,
Hypnosis,0,Status,Psychic,0.6,20,,,,,,,,,,,,,,,0,0,0,0,0,"0,1",,,target_non_volatile,@Sleep,1,,,,
Leech Seed,0,Status,Grass,0.9,20,,,,,,,,,,,,,,,0,0,0,0,0,"0,1",g,,target_volatile,@LeechSeed,1,,,,
Ingrain,0,Status,Grass,9,20,,,,,,,,,,,,,,,0,0,0,0,0,"0,1",,,user_volatile|user_volatile|user_volatile,@Ingrain|@Trapped|@Grounded,1,,,,
Aqua Ring,0,Status,Water,9,20,,,,,,,,,,,,,,,0,0,0,0,0,"0,1",,,user_volatile,@AquaRing,1,,,,
Dark Void,0,Status,Dark,0.7,10,,,,,,,,,,,,,,,0,0,0,0,0,"0,1",,,target_non_volatile,@Sleep,1,,,,
Ice Beam,90,Special,Ice,1,10,,,,,,,,,,,,,,,0,0,0,0,0,"0,1",,,target_non_volatile,@Freeze,0.1,,,,
Ice Punch,75,Physical,Ice,1,15,,,,,,,,,,,,,,,0,0,0,0,0,"0,1",ae,,target_non_volatile,@Freeze,0.1,,,,
Ice Fang,65,Physical,Ice,0.95,15,,,,,,,,,,,,,,,0,0,0,0,0,"0,1",ad,,target_non_volatile|target_volatile,@Freeze|@Flinch,0.1,,,,
Thunder Fang,65,Physical,Electric,0.95,15,,,,,,,,,,,,,,,0,0,0,0,0,"0,1",ad,,target_non_volatile|target_volatile,@Paralysis|@Flinch,0.1,,,,
Fire Fang,65,Physical,Fire,0.95,15,,,,,,,,,,,,,,,0,0,0,0,0,"0,1",ad,,target_non_volatile|target_volatile,@Burn|@Flinch,0.1,,,,
Ice Shard,40,Physical,Ice,1,30,,,,,,,,,,,,,,,0,1,0,0,0,"0,1",a,,no_effect,,1,,,,
Icicle Spear,25,Physical,Ice,1,30,,,,,,,,,,,,,,,0,0,0,0,0,"1,5",,,no_effect,,1,,,,
Iron Defense,0,Status,Steel,9,20,,,,,,,,,,,,,,,0,0,0,0,0,"0,1",b,,self_modifier,"0,0,2,0,0,0,0,0,0",1,,,,
Cotton Guard,0,Status,Grass,9,20,,,,,,,,,,,,,,,0,0,0,0,0,"0,1",b,,self_modifier,"0,0,3,0,0,0,0,0,0",1,,,,
Iron Head,80,Physical,Steel,1,15,,,,,,,,,,,,,,,0,0,0,0,0,"0,1",a,,target_volatile,@Flinch,0.3,,,,
Steel Wing,70,Physical,Steel,1,20,,,,,,,,,,,,,,,0,0,0,0,0,"0,1",a,,self_modifier,"0,0,1,0,0,0,0,0,0",0.1,,,,
Meteor Mash,90,Physical,Steel,0.9,10,,,,,,,,,,,,,,,0,0,0,0,0,"0,1",a,,self_modifier,"0,1,0,0,0,0,0,0,0",0.2,,,,
Iron Tail,100,Physical,Steel,0.75,15,,,,,,,,,,,,,,,0,0,0,0,0,"0,1",a,,opponent_modifier,"0,0,-1,0,0,0,0,0,0",0.3,,,,
Jaw Lock,80,Physical,Dark,1,10,,,,,,,,,,,,,,,0,0,0,0,0,"0,1",ad,,target_volatile,@Trapped,1,,,,
Jump Kick,100,Physical,Fighting,0.95,10,,,,,,,,,,,,,,,0,0,0,0,0.5,"0,1",a,,no_effect,,1,,,,
Karate Chop,50,Physical,Fighting,1,25,,,,,,,,,,,,,,,1,0,0,0,0,"0,1",a,,no_effect,,1,,,,
Leaf Blade,90,Physical,Grass,1,10,,,,,,,,,,,,,,,1,0,0,0,0,"0,1",a,,no_effect,,1,,,,
Leaf Storm,130,Special,Grass,0.9,5,,,,,,,,,,,,,,,0,0,0,0,0,"0,1",,,self_modifier,"0,0,0,-2,0,0,0,0,0",1,,,,
Fleur Cannon,130,Special,Fairy,0.9,5,,,,,,,,,,,,,,,0,0,0,0,0,"0,1",,,self_modifier,"0,0,0,-2,0,0,0,0,0",1,,,,
Leech Life,80,Physical,Bug,1,10,,,,,,,,,,,,,,,0,0,0,0,0,"0,1",a,,hp_draining,0.5,1,,,,
Horn Leech,75,Physical,Grass,1,10,,,,,,,,,,,,,,,0,0,0,0,0,"0,1",a,,hp_draining,0.5,1,,,,
Light Screen,0,Status,Psychic,9,20,,,,,,,,,,,,,,,0,0,0,0,0,"0,1",b,,self_team_buff,Light Screen,1,,,,
Liquidation,85,Physical,Water,1,10,,,,,,,,,,,,,,,0,0,0,0,0,"0,1",a,,opponent_modifier,"0,0,-1,0,0,0,0,0,0",0.2,,,,
Lovely Kiss,0,Status,Normal,0.75,10,,,,,,,,,,,,,,,0,0,0,0,0,"0,1",,,target_non_volatile,@Sleep,1,,,,
Hyper Voice,90,Special,Normal,1,10,,,,,,,,,,,,,,,0,0,0,0,0,"0,1",f,,no_effect,,1,,,,
Low Sweep,65,Physical,Fighting,1,20,,,,,,,,,,,,,,,0,0,0,0,0,"0,1",a,,opponent_modifier,"0,0,0,0,0,-1,0,0,0",1,,,,
Lunge,80,Physical,Bug,1,15,,,,,,,,,,,,,,,0,0,0,0,0,"0,1",a,,opponent_modifier,"0,-1,0,0,0,0,0,0,0",1,,,,
Mean Look,0,Status,Normal,1,20,,,,,,,,,,,,,,,0,0,0,0,0,"0,1",b,,target_volatile,@Trapped,1,,,,
Megahorn,120,Physical,Bug,0.85,10,,,,,,,,,,,,,,,0,0,0,0,0,"0,1",a,,no_effect,,1,,,,
Memento,0,Status,Dark,1,10,,,,,,,,,,,,,,,0,0,0,1,0,"0,1",,,opponent_modifier,"0,-2,0,-2,0,0,0,0,0",1,,,,
Mind Blown,150,Special,Fire,1,5,,,,,,,,,,,,,,,0,0,0,0.5,0,"0,1",,,no_effect,,1,,,,in code: read by a character ability (Scripts/Data/character_abilities.py:204)
Mirror Coat,0,Status,Psychic,1,20,,,,,,,,,,,,,,,0,-5,0,0,0,"0,1",,,countering,,1,,,,in code: reads the target's last move (Scripts/Battle/move_additional_effect.py:384)
Moonblast,95,Special,Fairy,1,15,,,,,,,,,,,,,,,0,0,0,0,0,"0,1",,,opponent_modifier,"0,0,0,-1,0,0,0,0,0",0.3,,,,
Muddy Water,90,Special,Water,0.85,10,,,,,,,,,,,,,,,0,0,0,0,0,"0,1",,,opponent_modifier,"0,0,0,0,0,0,0,-1,0",0.3,,,,
Nasty Plot,0,Status,Dark,9,20,,,,,,,,,,,,,,,0,0,0,0,0,"0,1",b,,self_modifier,"0,0,0,2,0,0,0,0,0",1,,,,
Night Daze,85,Special,Dark,0.95,10,,,,,,,,,,,,,,,0,0,0,0,0,"0,1",,,opponent_modifier,"0,0,0,0,0,0,0,-1,0",0.4,,,,
Night Slash,70,Physical,Dark,1,15,,,,,,,,,,,,,,,1,0,0,0,0,"0,1",,,no_effect,,1,,,,
Nuzzle,20,Physical,Electric,1,20,,,,,,,,,,,,,,,0,0,0,0,0,"0,1",a,,target_non_volatile,@Paralysis,1,,,,
Outrage,120,Physical,Dragon,1,10,,,,,,,,,,,,,,Frenzy,0,0,0,0,0,"0,1",a,,no_effect,,1,,,,
Pain Split,0,Status,Normal,9,5,,,,,,,,,,,,,,,0,0,0,0,0,"0,1",,,hp_split,Split,1,,,,
Parabolic Charge,65,Special,Electric,1,20,,,,,,,,,,,,,,,0,0,0,0,0,"0,1",,,hp_draining,0.5,1,,,,
Parting Shot,0,Status,Dark,1,20,,,,,,,,,,,,,,,0,0,0,0,0,"0,1",,,switching|opponent_modifier,"~|0,-1,0,-1,0,0,0,0,0",1,,,,
Tearful Look,0,Status,Normal,9,20,,,,,,,,,,,,,,,0,0,0,0,0,"0,1",,,opponent_modifier,"0,-1,0,-1,0,0,0,0,0",1,,,,
Payback,50,Physical,Dark,1,20,,,,,,,,,,,,,,,0,0,0,0,0,"0,1",a,,after_hand,,1,,,,
Petal Dance,120,Special,Grass,1,10,,,,,,,,,,,,,,Frenzy,0,0,0,0,0,"0,1",,,no_effect,,1,,,,
Phantom Force,90,Physical,Ghost,1,10,,,,,,,,,,,,,,Semi-invulnerable,0,0,0,0,0,"0,1",a,,no_effect,,1,,,,
Pin Missile,25,Physical,Bug,0.9,20,,,,,,,,,,,,,,,0,0,0,0,0,"1,5",,,no_effect,,1,,,,
Play Rough,90,Physical,Fairy,0.9,10,,,,,,,,,,,,,,,0,0,0,0,0,"0,1",a,,opponent_modifier,"0,-1,0,0,0,0,0,0,0",0.1,,,,
Poison Fang,50,Physical,Poison,1,15,,,,,,,,,,,,,,,0,0,0,0,0,"0,1",ad,,target_non_volatile,@BadPoison,0.5,,,,
Poison Jab,80,Physical,Poison,1,20,,,,,,,,,,,,,,,0,0,0,0,0,"0,1",a,,target_non_volatile,@Poison,0.3,,,,
Poison Tail,50,Physical,Poison,1,25,,,,,,,,,,,,,,,1,0,0,0,0,"0,1",a,,target_non_volatile,@Poison,0.1,,,,
Pollen Puff,90,Special,Bug,1,15,,,,,,,,,,,,,,,0,0,0,0,0,"0,1",i,,no_effect,,1,,,,
Power Gem,80,Special,Rock,1,20,,,,,,,,,,,,,,,0,0,0,0,0,"0,1",,,no_effect,,1,,,,
Power Trip,20,Physical,Dark,1,10,,,,,,,,,,,,,,,0,0,0,0,0,"0,1",a,,modifier_dependent,,1,,,,
Power Whip,120,Physical,Grass,0.85,15,,,,,,,,,,,,,,,0,0,0,0,0,"0,1",a,,no_effect,,1,,,,
Power-Up Punch,40,Physical,Fighting,1,20,,,,,,,,,,,,,,,0,0,0,0,0,"0,1",ae,,self_modifier,"0,1,0,0,0,0,0,0,0",1,,,,
Protect,0,Status,Normal,9,10,,,,,,,,,,,,,,,0,4,0,0,0,"0,1",b,,user_protection,,1,,,,in code: the AI weighs it specially (Scripts/Battle/ai.py:358)
Psychic Fangs,85,Physical,Psychic,1,10,,,,,,,,,,,,,,,0,0,0,0,0,"0,1",ad,,remove_team_buff,,1,,,,
Psychic,90,Special,Psychic,1,10,,,,,,,,,,,,,,,0,0,0,0,0,"0,1",,,opponent_modifier,"0,0,0,0,-1,0,0,0,0",0.1,,,,
Psycho Cut,70,Physical,Psychic,1,20,,,,,,,,,,,,,,,1,0,0,0,0,"0,1",a,,no_effect,,1,,,,
Psyshock,80,Special,Psychic,1,10,,,,,,,,,,Y,,,,,0,0,0,0,0,"0,1",,,no_effect,,1,,,,
Quick Attack,40,Physical,Normal,1,30,,,,,,,,,,,,,,,0,1,0,0,0,"0,1",a,,no_effect,,1,,,,
Quiver Dance,0,Status,Bug,9,20,,,,,,,,,,,,,,,0,0,0,0,0,"0,1",b,,self_modifier,"0,0,0,1,1,1,0,0,0",1,,,,
Raging Fury,90,Physical,Fire,1,10,,,,,,,,,,,,,,Frenzy,0,0,0,0,0,"0,1",a,,no_effect,,1,,,,
Rain Dance,0,Status,Water,9,5,,,,,,,,,,,,,,,0,0,0,0,0,"0,1",b,,weather_effect,Rain,1,,,,
Rapid Spin,50,Physical,Normal,1,40,,,,,,,,,,,,,,,0,0,0,0,0,"0,1",a,,self_modifier|clear_entry_hazard,"0,0,0,0,0,1,0,0,0|~",1,,,,in code: clears hazards on its own side only (Scripts/Battle/move_additional_effect.py:258)
Razor Shell,75,Physical,Water,0.95,10,,,,,,,,,,,,,,,0,0,0,0,0,"0,1",a,,opponent_modifier,"0,0,-1,0,0,0,0,0,0",0.5,,,,
Recover,0,Status,Normal,9,10,,,,,,,,,,,,,,,0,0,0,0,0,"0,1",b,,self_heal,0.3,1,,,,
Reflect,0,Status,Psychic,9,20,,,,,,,,,,,,,,,0,0,0,0,0,"0,1",b,,self_team_buff,Reflect,1,,,,
Tailwind,0,Status,Flying,9,20,,,,,,,,,,,,,,,0,0,0,0,0,"0,1",b,,self_team_buff,Tailwind,1,,,,
Revenge,60,Physical,Fighting,1,20,,,,,,,,,,,,,,,0,-4,0,0,0,"0,1",a,,after_hand,,1,,,,
Rock Blast,25,Physical,Rock,0.9,10,,,,,,,,,,,,,,,0,0,0,0,0,"1,5",i,,no_effect,,1,,,,
Tail Slap,25,Physical,Normal,0.85,10,,,,,,,,,,,,,,,0,0,0,0,0,"1,5",a,,no_effect,,1,,,,
Fireballs,25,Physical,Fire,0.9,10,,,,,,,,,,,,,,,0,0,0,0,0,"1,5",i,,no_effect,,1,,,,
Water Shuriken,20,Special,Water,1,20,,,,,,,,,,,,,,,0,1,0,0,0,"1,5",,,no_effect,,1,,,,in code: read by the Battle Bond ability (Scripts/Data/abilities.py:839)
Rock Slide,75,Physical,Rock,0.9,10,,,,,,,,,,,,,,,0,0,0,0,0,"0,1",,,target_volatile,@Flinch,0.3,,,,
Sacred Sword,90,Physical,Fighting,1,15,Y,Y,,,,,,,,,,,,,0,0,0,0,0,"0,1",a,,no_effect,,1,,,,
Sand Tomb,35,Physical,Ground,0.85,15,,,,,,,,,,,,,,,0,0,0,0,0,"0,1",,,target_volatile,@Binding,1,,,,
Sandstorm,0,Status,Ground,9,5,,,,,,,,,,,,,,,0,0,0,0,0,"0,1",b,,weather_effect,Sandstorm,1,,,,
Scald,80,Special,Water,1,15,,,,,,,,,,,,,,,0,0,0,0,0,"0,1",c,,target_non_volatile,@Burn,0.3,,,,
Searing Shot,100,Special,Fire,1,5,,,,,,,,,,,,,,,0,0,0,0,0,"0,1",i,,target_non_volatile,@Burn,0.3,,,,
Seed Bomb,80,Physical,Grass,1,15,,,,,,,,,,,,,,,0,0,0,0,0,"0,1",i,,no_effect,,1,,,,
Self-Destruct,200,Physical,Normal,1,5,,,,,,,,,,,,,,,0,0,0,1,0,"0,1",,,no_effect,,1,,,,
Shadow Ball,80,Special,Ghost,1,15,,,,,,,,,,,,,,,0,0,0,0,0,"0,1",i,,opponent_modifier,"0,0,0,0,-1,0,0,0,0",0.2,,,,
Shadow Claw,80,Physical,Ghost,1,20,,,,,,,,,,,,,,,1,0,0,0,0,"0,1",a,,no_effect,,1,,,,
Slash,70,Physical,Normal,1,20,,,,,,,,,,,,,,,1,0,0,0,0,"0,1",a,,no_effect,,1,,,,
Frost Breath,60,Special,Ice,0.9,10,,,,,,,,,,,,,,,4,0,0,0,0,"0,1",,,no_effect,,1,,,,
Shadow Sneak,40,Physical,Ghost,1,30,,,,,,,,,,,,,,,0,1,0,0,0,"0,1",a,,no_effect,,1,,,,
Shell Smash,0,Status,Normal,9,20,,,,,,,,,,,,,,,0,0,0,0,0,"0,1",b,,self_modifier,"0,2,-1,2,-1,2,0,0,0",1,,,,
Signal Beam,75,Special,Bug,1,15,,,,,,,,,,,,,,,0,0,0,0,0,"0,1",,,target_volatile,@Confused,0.1,,,,
Slack Off,0,Status,Normal,9,10,,,,,,,,,,,,,,,0,0,0,0,0,"0,1",b,,self_heal,0.3,1,,,,
Sleep Powder,0,Status,Grass,0.75,15,,,,,,,,,,,,,,,0,0,0,0,0,"0,1",g,,target_non_volatile,@Sleep,1,,,,
Sludge Bomb,90,Special,Poison,1,10,,,,,,,,,,,,,,,0,0,0,0,0,"0,1",i,,target_non_volatile,@Poison,0.3,,,,
Sludge Wave,95,Special,Poison,1,10,,,,,,,,,,,,,,,0,0,0,0,0,"0,1",,,target_non_volatile,@Poison,0.1,,,,
Solar Beam,120,Special,Grass,1,10,,,,,,,,,,,,,,Charging,0,0,0,0,0,"0,1",,,no_effect,,1,,Hail:half_power|Sunny:no_charge|Rain:half_power|Sandstorm:half_power,,
Skull Bash,130,Physical,Normal,1,10,,,,,,,,,,,,,,Charging,0,0,0,0,0,"0,1",a,,self_modifier,"0,0,1,0,0,0,0,0,0",1,,,,
Solar Blade,125,Physical,Grass,1,10,,,,,,,,,,,,,,Charging,0,0,0,0,0,"0,1",a,,no_effect,,1,,Hail:half_power|Sunny:no_charge|Rain:half_power|Sandstorm:half_power,,
Spark,65,Physical,Electric,1,20,,,,,,,,,,,,,,,0,0,0,0,0,"0,1",a,,target_non_volatile,@Paralysis,0.3,,,,
Spikes,0,Status,Ground,9,20,,,,,,,,,,,,,,,0,0,0,0,0,"0,1",b,,apply_entry_hazard,Spikes,1,,,,
Spirit Break,75,Physical,Fairy,1,15,,,,,,,,,,,,,,,0,0,0,0,0,"0,1",a,,opponent_modifier,"0,0,0,-1,0,0,0,0,0",1,,,,
Spore,0,Status,Grass,1,10,,,,,,,,,,,,,,,0,0,0,0,0,"0,1",g,,target_non_volatile,@Sleep,1,,,,
Stealth Rock,0,Status,Rock,9,20,,,,,,,,,,,,,,,0,0,0,0,0,"0,1",b,,apply_entry_hazard,Stealth Rock,1,,,,
Sticky Web,0,Status,Bug,9,20,,,,,,,,,,,,,,,0,0,0,0,0,"0,1",b,,apply_entry_hazard,Sticky Web,1,,,,
Stone Edge,100,Physical,Rock,0.8,5,,,,,,,,,,,,,,,1,0,0,0,0,"0,1",,,no_effect,,1,,,,
Stored Power,20,Special,Psychic,1,10,,,,,,,,,,,,,,,0,0,0,0,0,"0,1",,,modifier_dependent,,1,,,,
Strange Steam,90,Special,Fairy,0.95,10,,,,,,,,,,,,,,,0,0,0,0,0,"0,1",,,target_volatile,@Confused,0.2,,,,
Rock Climb,90,Physical,Rock,0.85,20,,,,,,,,,,,,,,,0,0,0,0,0,"0,1",a,,target_volatile,@Confused,0.2,,,,
Dynamic Punch,100,Physical,Fighting,0.5,5,,,,,,,,,,,,,,,0,0,0,0,0,"0,1",a,,target_volatile,@Confused,1,,,,
Strength,80,Physical,Normal,1,15,,,,,,,,,,,,,,,0,0,0,0,0,"0,1",a,,no_effect,,1,,,,
Struggle Bug,50,Special,Bug,1,20,,,,,,,,,,,,,,,0,0,0,0,0,"0,1",,,opponent_modifier,"0,0,0,-1,0,0,0,0,0",1,,,,
Octazooka,65,Special,Water,0.85,10,,,,,,,,,,,,,,,0,0,0,0,0,"0,1",i,,opponent_modifier,"0,0,0,0,0,0,0,-1,0",0.5,,,,
Submission,80,Physical,Fighting,0.8,20,,,,,,,,,,,,,,,0,0,0.25,0,0,"0,1",a,,no_effect,,1,,,,
Sucker Punch,70,Physical,Dark,1,5,,,,,,,,,,,,,,,0,1,0,0,0,"0,1",a,,no_effect,,1,,,target_attacks,in code: the AI weighs it specially (the rule itself is data) (Scripts/Battle/ai.py:599)
Sunny Day,0,Status,Fire,9,5,,,,,,,,,,,,,,,0,0,0,0,0,"0,1",b,,weather_effect,Sunny,1,,,,
Superpower,120,Physical,Fighting,1,5,,,,,,,,,,,,,,,0,0,0,0,0,"0,1",a,,self_modifier,"0,-1,-1,0,0,0,0,0,0",1,,,,
Surf,90,Special,Water,1,15,,,,,,,,,,,,,,,0,0,0,0,0,"0,1",,,no_effect,,1,,,,in code: could be data: double power on a target underwater (Scripts/Battle/battle_move_execution.py:139)
Swords Dance,0,Status,Normal,9,20,,,,,,,,,,,,,,,0,0,0,0,0,"0,1",b,,self_modifier,"0,2,0,0,0,0,0,0,0",1,,,,
Shift Gear,0,Status,Steel,9,10,,,,,,,,,,,,,,,0,0,0,0,0,"0,1",b,,self_modifier,"0,1,0,0,0,2,0,0,0",1,,,,
Scary Face,0,Status,Normal,1,20,,,,,,,,,,,,,,,0,0,0,0,0,"0,1",,,opponent_modifier,"0,0,0,0,0,-2,0,0,0",1,,,,
Work Up,0,Status,Normal,9,20,,,,,,,,,,,,,,,0,0,0,0,0,"0,1",b,,self_modifier,"0,1,0,1,0,0,0,0,0",1,,,,
Double Team,0,Status,Normal,9,15,,,,,,,,,,,,,,,0,0,0,0,0,"0,1",b,,self_modifier,"0,0,0,0,0,0,1,0,0",1,,,,
Adrenaline,0,Status,Dark,9,10,,,,,,,,,,,,,,,0,0,0,0,0,"0,1",b,Y,self_modifier|opponent_modifier,"0,2,-2,2,-2,1,0,0,0|0,1,0,1,0,0,0,0,0",1,,,,
Tail Glow,0,Status,Bug,9,20,,,,,,,,,,,,,,,0,0,0,0,0,"0,1",b,,self_modifier,"0,0,0,3,0,0,0,0,0",1,,,,
Take Down,90,Physical,Normal,0.85,20,,,,,,,,,,,,,,,0,0,0.25,0,0,"0,1",a,,no_effect,,1,,,,
Taunt,0,Status,Dark,1,20,,,,,,,,,,,,,,,0,0,0,0,0,"0,1",,,target_disable,Taunt,1,,,,
Throat Chop,80,Physical,Dark,1,15,,,,,,,,,,,,,,,0,0,0,0,0,"0,1",a,,target_disable,Sound,1,,,,
Thrash,120,Physical,Normal,1,10,,,,,,,,,,,,,,Frenzy,0,0,0,0,0,"0,1",a,,no_effect,,1,,,,
Thunder Punch,75,Physical,Electric,1,15,,,,,,,,,,,,,,,0,0,0,0,0,"0,1",ae,,target_non_volatile,@Paralysis,0.1,,,,
Thunder Wave,0,Status,Electric,0.9,20,,,,,,,,,,,,,,,0,0,0,0,0,"0,1",,,target_non_volatile,@Paralysis,1,,,,
Thunder,110,Special,Electric,0.7,5,,,,,,,,,,,,,,,0,0,0,0,0,"0,1",,,target_non_volatile,@Paralysis,0.3,,Sunny:half_accuracy|Rain:always_hits,,in code: could be data: hits a target in the air (Scripts/Battle/battle_move_execution.py:130)
Hurricane,110,Special,Flying,0.7,5,,,,,,,,,,,,,,,0,0,0,0,0,"0,1",,,target_volatile,@Confused,0.3,,Rain:always_hits,,in code: could be data: hits a target in the air (Scripts/Battle/battle_move_execution.py:130)
Thunderbolt,90,Special,Electric,1,15,,,,,,,,,,,,,,,0,0,0,0,0,"0,1",,,target_non_volatile,@Paralysis,0.1,,,,
Overdrive,80,Special,Electric,1,10,,,,,,,,,,,,,,,0,0,0,0,0,"0,1",f,,no_effect,,1,,,,
Tickle,0,Status,Normal,1,20,,,,,,,,,,,,,,,0,0,0,0,0,"0,1",,,opponent_modifier,"0,-1,-1,0,0,0,0,0,0",1,,,,
Noble Roar,0,Status,Normal,1,30,,,,,,,,,,,,,,,0,0,0,0,0,"0,1",f,,opponent_modifier,"0,-1,0,-1,0,0,0,0,0",1,,,,
Snarl,55,Special,Dark,0.95,15,,,,,,,,,,,,,,,0,0,0,0,0,"0,1",f,,opponent_modifier,"0,0,0,-1,0,0,0,0,0",1,,,,
Torment,0,Status,Dark,1,15,,,,,,,,,,,,,,,0,0,0,0,0,"0,1",,,target_volatile,@Torment,1,,,,
Toxic Spikes,0,Status,Poison,9,20,,,,,,,,,,,,,,,0,0,0,0,0,"0,1",b,,apply_entry_hazard,Toxic Spikes,1,,,,
Toxic,0,Status,Poison,0.9,10,,,,,,,,,,,,,,,0,0,0,0,0,"0,1",,,target_non_volatile,@BadPoison,1,,,,in code: could be data: never misses from a Poison-type user (Scripts/Battle/battle_move_execution.py:68)
Tri Attack,80,Special,Normal,1,10,,,,,,,,,,,,,,,1,0,0,0,0,"0,1",,,target_non_volatile,@Tri,0.2,,,,
Trick Room,0,Status,Psychic,9,5,,,,,,,,,,,,,,,0,0,0,0,0,"0,1",b,,field_effect,Trick Room,1,,,,
U-Turn,70,Physical,Bug,1,20,,,,,,,,,,,,,,,0,0,0,0,0,"0,1",a,,switching,,1,,,,
Flip Turn,60,Physical,Water,1,20,,,,,,,,,,,,,,,0,0,0,0,0,"0,1",a,,switching,,1,,,,
Fell Stinger,50,Physical,Bug,1,25,,,,,,,,,,,,,,,0,0,0,0,0,"0,1",a,,no_effect,,1,,,,in code: fires when the target faints (Scripts/Battle/battle_move_execution.py:188)
Vacuum Wave,40,Special,Fighting,1,35,,,,,,,,,,,,,,,0,1,0,0,0,"0,1",,,no_effect,,1,,,,
Volt Switch,70,Special,Electric,1,20,,,,,,,,,,,,,,,0,0,0,0,0,"0,1",,,switching,,1,,,,
Wail,90,Special,Ghost,1,10,,,,,,,,,,,,,,,0,0,0,0,0,"0,1",f,Y,opponent_modifier,"0,0,0,0,-1,0,0,-1,0",0.5,,,,
Water Pulse,60,Special,Water,1,20,,,,,,,,,,,,,,,0,0,0,0,0,"0,1",h,,target_volatile,@Confused,0.2,,,,
Waterfall,80,Physical,Water,1,15,,,,,,,,,,,,,,,0,0,0,0,0,"0,1",a,,target_volatile,@Flinch,0.2,,,,
Whirlpool,35,Special,Water,0.85,15,,,,,,,,,,,,,,,0,0,0,0,0,"0,1",,,target_volatile,@Binding,1,,,,in code: could be data: double power on a target underwater (Scripts/Battle/battle_move_execution.py:139)
Cling,35,Physical,Fairy,0.9,15,,,,,,,,,,,,,,,0,0,0,0,0,"0,1",a,Y,target_volatile,@Binding,1,,,,
Charming Tap,60,Physical,Fairy,1,20,,,,,,,,,,,,,,,0,0,0,0,0,"0,1",a,Y,opponent_modifier,"0,-1,0,0,0,0,0,0,0",1,,,,
Sparkling Punch,80,Physical,Fairy,1,15,,,,,,,,,,,,,,,0,0,0,0,0,"0,1",ae,Y,target_volatile,@Flinch,0.3,,,,
Sweet Dreams,0,Status,Fairy,9,15,,,,,,,,,,,,,,,0,0,0,0,0,"0,1",b,Y,target_non_volatile,@Sleep,0.7,,,,
Wild Charge,90,Physical,Electric,1,15,,,,,,,,,,,,,,,0,0,0.25,0,0,"0,1",a,,no_effect,,1,,,,
Will-O-Wisp,0,Status,Fire,0.85,15,,,,,,,,,,,,,,,0,0,0,0,0,"0,1",,,target_non_volatile,@Burn,1,,,,
Wood Hammer,120,Physical,Grass,1,15,,,,,,,,,,,,,,,0,0,0.333333333,0,0,"0,1",a,,no_effect,,1,,,,
X-Scissor,80,Physical,Bug,1,20,,,,,,,,,,,,,,,0,0,0,0,0,"0,1",a,,no_effect,,1,,,,
Yawn,0,Status,Normal,9,10,,,,,,,,,,,,,,,0,0,0,0,0,"0,1",,,target_volatile,@Yawn,1,,,,
Zap Cannon,120,Special,Electric,0.5,5,,,,,,,,,,,,,,,0,0,0,0,0,"0,1",i,,target_non_volatile,@Paralysis,1,,,,
Zen Headbutt,80,Physical,Psychic,0.9,15,,,,,,,,,,,,,,,0,0,0,0,0,"0,1",a,,target_volatile,@Flinch,0.2,,,,
Heal Bell,0,Status,Normal,9,5,,,,,,,,,,,,,,,0,0,0,0,0,"0,1",b,,team_status_heal,,1,,,,
Aromatherapy,0,Status,Grass,9,5,,,,,,,,,,,,,,,0,0,0,0,0,"0,1",b,,team_status_heal,,1,,,,
Smack Down,50,Physical,Rock,1,20,,,,,,,,,,,,,,,0,0,0,0,0,"0,1",,,target_volatile,@Grounded,1,,,,in code: could be data: hits a target in the air (Scripts/Battle/battle_move_execution.py:130)
Magnet Rise,0,Status,Electric,9,20,,,,,,,,,,,,,,,0,0,0,0,0,"0,1",,,user_volatile,@Ungrounded,1,,,,
Double Sickle,50,Physical,Ghost,0.9,10,,,,,,,,,,,,,,,0,0,0,0,0,"0,2",a,Y,target_non_volatile|hp_draining,@Poison|0.15,0.2,,,,
Octolock,0,Status,Fighting,1,15,,,,,,,,,,,,,,,0,0,0,0,0,"0,1",,,target_volatile|target_volatile,@Trapped|@Octolock,1,,,,
Fish Needle,90,Special,Water,1,10,,,,,,,,,,,,,,,0,0,0,0,0,"0,1",,Y,target_non_volatile,@BadPoison,0.3,,,,
Enragement,70,Physical,Flying,1,5,,,,,,,,,,,,,,,0,0,0,0,0,"0,1",,Y,retaliation,,1,,,,
Annihilation,240,Physical,Fighting,0.7,5,,,,,,,,,,,,,,Charging,0,0,0.25,0,0,"0,1",a,Y,no_effect,,1,,,,
Crystalline Clone,0,Status,Ice,9,10,,,,,,,,,,,,,,,0,0,0,0,0,"1,5",b,Y,self_modifier,"0,0,0,1,0,0,0,1,0",0.5,,,,
Bodhisattva,60,Special,Ground,1,10,,,,Flying,,,,,,,,,,,0,-2,0,0,0,"0,1",a,Y,self_modifier,"0,0,0,0,1,0,0,0,0",1,,,,
Lotus Petal,60,Special,Grass,1,20,,,,,,,,,,,,,,,0,1,0,0,0,"0,1",,Y,no_effect,,1,,,,
Unbreakable Will,0,Status,Fighting,9,5,,,,,,,,,,,,,,,0,0,0,0.25,0,"0,1",b,Y,self_modifier,"0,1,1,1,1,1,0,0,0",1,,,,
Clangorous Soul,0,Status,Dragon,9,5,,,,,,,,,,,,,,,0,0,0,0.333333333,0,"0,1",b,,self_modifier,"0,1,1,1,1,0,0,0,0",1,,,,
Moon Slash,80,Physical,Dark,1,15,,,,,,,,,,,,,,,0,0,0,0,0,"0,1",a,Y,hp_draining,0.25,1,,,,
Dragon Crescent,80,Physical,Dragon,1,10,,,,,,,,,,,,,,,1,0,0,0,0,"0,1",a,Y,target_volatile,@Flinch,0.2,,,,
First Strike,60,Physical,Steel,1,20,,,,,,,,,,,,,,,0,2,0,0,0,"0,1",a,Y,no_effect,,1,,,,
Fishious Rend,85,Physical,Water,1,10,,,,,,,,,,,,,,,0,0,0,0,0,"0,1",ad,,before_hand,,1,,,,
Total Concentration,0,Status,Normal,9,5,,,,,,,,,,,,,,,0,0,0,0,0,"0,1",b,Y,user_volatile|user_volatile,@TotalConcentration|@Trapped,1,,,,
Nichirin Sword,90,Physical,Water,1,10,,,,,,,,,,,,,"Fire,Water",,0,0,0,0,0,"0,1",a,Y,no_effect,,1,,,,
Techno Blast,120,Special,Normal,1,5,,,,,,,,,,,,,"Water,Normal",,0,0,0,0,0,"0,1",,,no_effect,,1,,,,
Tidal Surge,90,Special,Water,0.9,10,,,,,,,,,,,,,,,0,0,0,0,0,"0,1",,Y,target_volatile,@Confused,0.3,,,,
Boulder Smash,100,Physical,Rock,0.7,10,,,,,,,,,,,,,,,0,0,0,0,0,"0,1",,Y,target_volatile,@Confused,0.5,,,,
Thunderous Trident,120,Special,Electric,0.8,5,,,,,,,,,,,,,,,0,0,0,0,0,"0,1",,Y,target_volatile,@Flinch,0.3,,Rain:always_hits,,
Cryokinesis,80,Special,Psychic,1,15,,,,,,,,,,,,Ice,,,0,0,0,0,0,"0,1",,Y,target_non_volatile,@Freeze,0.1,,,,
Clear Smog,50,Special,Poison,9,15,,,,,,,,,,,,,,,0,0,0,0,0,"0,1",,,reset_target_modifier,,1,,,,
Haze,0,Status,Ice,9,30,,,,,,,,,,,,,,,0,0,0,0,0,"0,1",b,,reset_target_modifier|reset_user_modifier,|,1,,,,
Court Change,0,Status,Normal,9,10,,,,,,,,,,,,,,,0,0,0,0,0,"0,1",b,,swap_barrier,,1,,,,
Revenant Charge,100,Physical,Ghost,1,10,,,,,,,,,,,,,,,0,0,0,0,0,"0,1",a,Y,opponent_modifier,"0,0,-1,0,0,0,0,0,0",0.5,,,,
Battle Axe,65,Physical,Rock,1,15,,,,,,,,,,,,,,,0,0,0,0,0,"0,1",a,Y,hp_draining,0.25,1,,,,
Thunderclap,80,Physical,Electric,1,15,,,,,,,,,,,,,,,0,0,0,0,0,"0,1",a,Y,target_non_volatile,@Paralysis,0.2,,,,
Chaotic Shockwave,80,Physical,Electric,0.7,10,,,,,,,,,,,,,,,0,0,0,0,0,"0,1",abf,Y,target_volatile,@Flinch,0.3,,,,
Feint,30,Physical,Normal,1,10,,,,,,,,,,,,,,,0,2,0,0,0,"0,1",b,,no_effect,,1,,,,
Lock-On,0,Status,Normal,9,5,,,,,,,,,,,,,,,0,0,0,0,0,"0,1",,,target_volatile,@TakeAim,1,,,,
Metronome,0,Status,Normal,1,30,,,,,,,,,,,,,,,0,0,0,0,0,"0,1",,,no_effect,,1,,,,in code: picks a random other move (Scripts/Battle/battle_initialization.py:68)
History Rewritten,0,Status,Normal,1,10,,,,,,,,,,,,,,,0,0,0,0,0,"0,1",,Y,target_disable|reset_target_modifier|target_volatile,Disable||@Confused,1,,,,
Soul Harvest,40,Special,Dark,1,10,,,,,,,,,,,,,,,0,1,0,0,0,"0,1",,Y,target_volatile|hp_draining,@Binding|0.3,1,,,,
Reign of Terror,90,Special,Ghost,1,5,,,,,,,,,,,,,,,0,0,0,0,0,"0,1",,Y,opponent_modifier|target_volatile,"0,0,0,0,0,-1,0,-1,0|@Frighten",0.3,,,,
Empyrean Glory,0,Status,Flying,9,5,,,,,,,,,,,,,,,0,0,0,0,0,"0,1",b,Y,self_modifier|team_status_heal|weather_effect,"0,0,1,0,1,0,0,0,0||Clear",1,,,,
Draconic Blade,75,Physical,Dragon,1,10,,,,,,,,,,,,,,,0,0,0,0,0,"0,1",a,Y,target_volatile,@Frighten,0.3,,,,
Glissando,70,Special,Flying,0.9,10,,,,,,,,,,,,,,,0,0,0,0,0,"0,1",f,Y,target_volatile,@Flinch,0.3,,,,
Eerie Rhythm,70,Special,Ghost,1,15,,,,,,,,,,,,,,,0,0,0,0,0,"0,1",f,Y,opponent_modifier|target_volatile,"0,0,0,0,-1,0,0,0,0|@Confused",0.1,,,,
Triple Axel,20,Physical,Ice,0.9,10,,,,,,,,,,,,,,,0,0,0,0,0,"2,3",a,,no_effect,,1,,,,
3-Hand Trick,20,Special,Fairy,0.9,10,,,,,,,,,,,,,,,0,0,0,0,0,"2,3",,Y,no_effect,,1,,,,
Forest's Curse,0,Status,Grass,1,20,,,,,,,,,,,,,,,0,0,0,0,0,"0,1",,,add_target_type,"Grass,",1,,,,
Cannibalism,80,Physical,Dark,1,10,,,,,,,,,,,,,,,0,0,0,0,0,"0,1",a,Y,hp_draining,0.5,1,,,,in code: heals from the overkill damage (Scripts/Battle/battle_move_execution.py:191)
Time Pressure,40,Special,Ground,1,10,,,,,,,,,,,,,,,0,0,0,0,0,"0,1",,Y,no_effect,,1,,,,in code: power from the speed ratio (Scripts/Battle/battle_move_execution.py:70)
Gambit,0,Status,Normal,9,20,,,,,,,,,,,,,,,0,0,0,0,0,"0,1",bj,Y,self_modifier,"0,0,0,1,1,1,0,0,0",1,,,,
Twin Shadows,0,Status,Normal,9,15,,,,,,,,,,,,,,,0,0,0,0,0,"0,1",b,Y,self_modifier,"0,0,0,0,0,0,2,0,0",1,,,,
Swagger,0,Status,Normal,0.85,15,,,,,,,,,,,,,,,0,0,0,0,0,"0,1",,,opponent_modifier|target_volatile,"0,2,0,0,0,0,0,0,0|@Confused",1,,,,
Metal Burst,0,Status,Steel,1,10,,,,,,,,,,,,,,,0,0,0,0,0,"0,1",,,countering,,1,,,,in code: reads the target's last move (Scripts/Battle/move_additional_effect.py:387)
Snore,50,Special,Normal,1,15,,,,,,,,,,,,,,,0,0,0,0,0,"0,1",,,target_volatile,@Flinch,0.3,,,user_asleep,
Fire Lash,80,Physical,Fire,1,15,,,,,,,,,,,,,,,0,0,0,0,0,"0,1",a,,opponent_modifier,"0,0,-1,0,0,0,0,0,0",1,,,,
Dive,80,Physical,Water,1,10,,,,,,,,,,,,,,Semi-invulnerable,0,0,0,0,0,"0,1",a,,no_effect,,1,,,,
Body Press,80,Physical,Fighting,1,10,,,,,,,,,,,Y,,,,0,0,0,0,0,"0,1",a,,no_effect,,1,,,,
Petal Blizzard,90,Physical,Grass,1,15,,,,,,,,,,,,,,,0,0,0,0,0,"0,1",,,no_effect,,1,,,,
Apple Acid,80,Special,Grass,1,10,,,,,,,,,,,,,,,0,0,0,0,0,"0,1",,,opponent_modifier,"0,0,0,0,-1,0,0,0,0",1,,,,
Faerie Fire,70,Special,Fire,1,10,,,,Dragon,,,,,,,,,,,0,0,0,0,0,"0,1",,Y,opponent_modifier,"0,0,0,-1,0,0,0,0,0",0.5,,,,
Sing,0,Status,Normal,0.55,15,,,,,,,,,,,,,,,0,0,0,0,0,"0,1",f,,target_non_volatile,@Sleep,1,,,,
Shell Trap,150,Special,Fire,1,5,,,,,,,,,,,,,,,0,-3,0,0,0,"0,1",,,no_effect,,1,,,hit_by_contact,
Cosmic Power,0,Status,Psychic,9,20,,,,,,,,,,,,,,,0,0,0,0,0,"0,1",b,,self_modifier,"0,0,1,0,1,0,0,0,0",1,,,,
Fluid Spray,50,Special,Grass,1,15,,,,,,,,,,,,,,,0,0,0,0,0,"0,1",i,Y,opponent_modifier,"0,0,-1,0,-1,0,0,0,0",1,,,,
Gigaton Hammer,160,Physical,Steel,1,5,,,,,,,,,,,,,,,0,0,0,0,0,"0,1",a,,no_effect,,1,,,not_used_last_turn,
Kowtow Cleave,85,Physical,Dark,9,10,,,,,,,,,,,,,,,0,0,0,0,0,"0,1",a,,no_effect,,1,,,,
Guillotine,0,Physical,Normal,1,5,,,,,,,,,,,,,,,0,0,0,0,0,"0,1",a,,ohko,0.3,1,,,,
Bitter Blade,90,Physical,Fire,1,10,,,,,,,,,,,,,,,0,0,0,0,0,"0,1",a,,hp_draining,0.5,1,,,,
Lumina Crash,80,Special,Psychic,1,10,,,,,,,,,,,,,,,0,0,0,0,0,"0,1",,,opponent_modifier,"0,0,0,0,-2,0,0,0,0",1,,,,
Electric Terrain,0,Status,Electric,9,10,,,,,,,,,,,,,,,0,0,0,0,0,"0,1",b,,terrain,Electric,1,,,,
Grassy Terrain,0,Status,Grass,9,10,,,,,,,,,,,,,,,0,0,0,0,0,"0,1",b,,terrain,Grassy,1,,,,
Misty Terrain,0,Status,Fairy,9,10,,,,,,,,,,,,,,,0,0,0,0,0,"0,1",b,,terrain,Misty,1,,,,
Psychic Terrain,0,Status,Psychic,9,10,,,,,,,,,,,,,,,0,0,0,0,0,"0,1",b,,terrain,Psychic,1,,,,
Synthesis,0,Status,Grass,9,5,,,,,,,,,,,,,,,0,0,0,0,0,"0,1",b,,weather_heal,0.333333333,1,,,,
